text,label
Researchers published findings in Nature showing improved solar-cell efficiency using perovskite layers. Independent observers praised the transparency of the process. An independent audit is scheduled to assess progress within six months.,1
Researchers published findings in Nature showing improved solar-cell efficiency using perovskite layers. Independent observers praised the transparency of the process. Funding for the initiative has been secured through the national budget.,1
The labour department reported the unemployment rate fell to a four-year low last month. An independent audit is scheduled to assess progress within six months.,1
A peer-reviewed study linked regular walking with a measurable reduction in dementia risk. Independent observers praised the transparency of the process. Analysts described the outcome as broadly in line with expectations.,1
Officials from five countries signed a framework agreement on cross-border data privacy. The project is expected to cost approximately $413 million. Funding for the initiative has been secured through the national budget.,1
The annual technology summit opened with sessions on machine learning and grid efficiency. A spokesperson said more details would be released at a press briefing next week.,1
The government released its annual budget with increased spending on infrastructure. Around 152 thousand people are expected to benefit directly. The announcement was welcomed by industry groups and consumer advocates.,1
The labour department reported the unemployment rate fell to a four-year low last month. Independent observers praised the transparency of the process. The measure passed with broad cross-party support.,1
University researchers developed a biodegradable plastic substitute made from seaweed. The project is expected to cost approximately $105 million. An independent audit is scheduled to assess progress within six months.,1
The annual technology summit opened with sessions on machine learning and grid efficiency. Around 670 thousand people are expected to benefit directly. Officials said implementation is expected to begin next quarter.,1
Scientists mapped a previously unknown deep-sea ecosystem off the coast of New Zealand. A review panel of 7 experts was convened to assess the situation. An independent audit is scheduled to assess progress within six months.,1
Scientists mapped a previously unknown deep-sea ecosystem off the coast of New Zealand. The measure passed with broad cross-party support.,1
The annual technology summit opened with sessions on machine learning and grid efficiency. A review panel of 11 experts was convened to assess the situation. The findings were confirmed by independent peer review.,1
"The central bank released its quarterly inflation report, forecasting a gradual slowdown. Independent observers praised the transparency of the process. Funding for the initiative has been secured through the national budget.",1
Engineers completed the first phase of a coastal flood-barrier project ahead of schedule. Independent observers praised the transparency of the process. An independent audit is scheduled to assess progress within six months.,1
Astronomers detected three potentially habitable exoplanets in a nearby star system. A review panel of 13 experts was convened to assess the situation. The announcement was welcomed by industry groups and consumer advocates.,1
The Ministry of Education announced revised science curricula for secondary schools next term. Funding for the initiative has been secured through the national budget.,1
A peer-reviewed study linked regular walking with a measurable reduction in dementia risk. Around 703 thousand people are expected to benefit directly. Officials said implementation is expected to begin next quarter.,1
The annual technology summit opened with sessions on machine learning and grid efficiency. The project is expected to cost approximately $392 million. An independent audit is scheduled to assess progress within six months.,1
A clinical trial showed the new antibiotic reduced treatment time by 30 percent. The department said it would monitor progress and publish quarterly updates.,1
Astronomers detected three potentially habitable exoplanets in a nearby star system. The project is expected to cost approximately $240 million. Funding for the initiative has been secured through the national budget.,1
Researchers published findings in Nature showing improved solar-cell efficiency using perovskite layers. The project is expected to cost approximately $321 million. An independent audit is scheduled to assess progress within six months.,1
Researchers published findings in Nature showing improved solar-cell efficiency using perovskite layers. The department said it would monitor progress and publish quarterly updates.,1
State legislators passed a bipartisan bill to restore funding for state parks. The project is expected to cost approximately $115 million. Analysts described the outcome as broadly in line with expectations.,1
A new traffic management system reduced peak-hour congestion in the capital by 18 percent. The announcement was welcomed by industry groups and consumer advocates.,1
The government released its annual budget with increased spending on infrastructure. Around 393 thousand people are expected to benefit directly. A spokesperson said more details would be released at a press briefing next week.,1
The Federal Reserve held interest rates steady following a two-day policy meeting. Around 896 thousand people are expected to benefit directly. The department said it would monitor progress and publish quarterly updates.,1
Astronomers detected three potentially habitable exoplanets in a nearby star system. Analysts described the outcome as broadly in line with expectations.,1
State legislators passed a bipartisan bill to restore funding for state parks. Around 695 thousand people are expected to benefit directly. Officials said implementation is expected to begin next quarter.,1
University researchers developed a biodegradable plastic substitute made from seaweed. The project is expected to cost approximately $89 million. Analysts described the outcome as broadly in line with expectations.,1
Scientists mapped a previously unknown deep-sea ecosystem off the coast of New Zealand. The project is expected to cost approximately $351 million. The findings were confirmed by independent peer review.,1
Local health officials reported a 40 percent drop in flu hospitalisations after a vaccination drive. Around 616 thousand people are expected to benefit directly. The measure passed with broad cross-party support.,1
Engineers completed the first phase of a coastal flood-barrier project ahead of schedule. The measure passed with broad cross-party support.,1
State legislators passed a bipartisan bill to restore funding for state parks. Around 448 thousand people are expected to benefit directly. Further research is underway to confirm the preliminary results.,1
The annual technology summit opened with sessions on machine learning and grid efficiency. Around 240 thousand people are expected to benefit directly. A spokesperson said more details would be released at a press briefing next week.,1
NASA successfully launched an atmospheric monitoring satellite from Cape Canaveral. A review panel of 12 experts was convened to assess the situation. An independent audit is scheduled to assess progress within six months.,1
Researchers published findings in Nature showing improved solar-cell efficiency using perovskite layers. The project is expected to cost approximately $452 million. Officials said implementation is expected to begin next quarter.,1
The labour department reported the unemployment rate fell to a four-year low last month. The project is expected to cost approximately $159 million. A spokesperson said more details would be released at a press briefing next week.,1
A clinical trial showed the new antibiotic reduced treatment time by 30 percent. Around 22 thousand people are expected to benefit directly. The findings were confirmed by independent peer review.,1
The annual technology summit opened with sessions on machine learning and grid efficiency. Around 281 thousand people are expected to benefit directly. An independent audit is scheduled to assess progress within six months.,1
The Federal Reserve held interest rates steady following a two-day policy meeting. The department said it would monitor progress and publish quarterly updates.,1
Officials from five countries signed a framework agreement on cross-border data privacy. The project is expected to cost approximately $30 million. Analysts described the outcome as broadly in line with expectations.,1
Local health officials reported a 40 percent drop in flu hospitalisations after a vaccination drive. The measure passed with broad cross-party support.,1
Local health officials reported a 40 percent drop in flu hospitalisations after a vaccination drive. Independent observers praised the transparency of the process. The department said it would monitor progress and publish quarterly updates.,1
A new traffic management system reduced peak-hour congestion in the capital by 18 percent. The project is expected to cost approximately $179 million. The department said it would monitor progress and publish quarterly updates.,1
NASA successfully launched an atmospheric monitoring satellite from Cape Canaveral. The project is expected to cost approximately $479 million. Officials said implementation is expected to begin next quarter.,1
The annual technology summit opened with sessions on machine learning and grid efficiency. The project is expected to cost approximately $50 million. An independent audit is scheduled to assess progress within six months.,1
University researchers developed a biodegradable plastic substitute made from seaweed. The project is expected to cost approximately $469 million. Analysts described the outcome as broadly in line with expectations.,1
A clinical trial showed the new antibiotic reduced treatment time by 30 percent. A review panel of 12 experts was convened to assess the situation. Analysts described the outcome as broadly in line with expectations.,1
A clinical trial showed the new antibiotic reduced treatment time by 30 percent. The department said it would monitor progress and publish quarterly updates.,1
The World Health Organisation confirmed the elimination of a viral disease in West Africa. The announcement was welcomed by industry groups and consumer advocates.,1
State legislators passed a bipartisan bill to restore funding for state parks. Around 601 thousand people are expected to benefit directly. The department said it would monitor progress and publish quarterly updates.,1
The Federal Reserve held interest rates steady following a two-day policy meeting. Around 658 thousand people are expected to benefit directly. A spokesperson said more details would be released at a press briefing next week.,1
Scientists mapped a previously unknown deep-sea ecosystem off the coast of New Zealand. Independent observers praised the transparency of the process. An independent audit is scheduled to assess progress within six months.,1
A new traffic management system reduced peak-hour congestion in the capital by 18 percent. The project is expected to cost approximately $28 million. A spokesperson said more details would be released at a press briefing next week.,1
A clinical trial showed the new antibiotic reduced treatment time by 30 percent. Independent observers praised the transparency of the process. The measure passed with broad cross-party support.,1
A new traffic management system reduced peak-hour congestion in the capital by 18 percent. A review panel of 5 experts was convened to assess the situation. The measure passed with broad cross-party support.,1
Engineers completed the first phase of a coastal flood-barrier project ahead of schedule. Independent observers praised the transparency of the process. The department said it would monitor progress and publish quarterly updates.,1
Local health officials reported a 40 percent drop in flu hospitalisations after a vaccination drive. The project is expected to cost approximately $32 million. The findings were confirmed by independent peer review.,1
A new traffic management system reduced peak-hour congestion in the capital by 18 percent. Around 86 thousand people are expected to benefit directly. Further research is underway to confirm the preliminary results.,1
A peer-reviewed study linked regular walking with a measurable reduction in dementia risk. The project is expected to cost approximately $447 million. The announcement was welcomed by industry groups and consumer advocates.,1
The annual technology summit opened with sessions on machine learning and grid efficiency. Around 305 thousand people are expected to benefit directly. The measure passed with broad cross-party support.,1
Astronomers detected three potentially habitable exoplanets in a nearby star system. Around 664 thousand people are expected to benefit directly. The measure passed with broad cross-party support.,1
The World Health Organisation confirmed the elimination of a viral disease in West Africa. A review panel of 3 experts was convened to assess the situation. A spokesperson said more details would be released at a press briefing next week.,1
The city council approved a new public-transit expansion that will add 12 km of light-rail track. The findings were confirmed by independent peer review.,1
The labour department reported the unemployment rate fell to a four-year low last month. Independent observers praised the transparency of the process. The findings were confirmed by independent peer review.,1
The city council approved a new public-transit expansion that will add 12 km of light-rail track. Around 898 thousand people are expected to benefit directly. The findings were confirmed by independent peer review.,1
State legislators passed a bipartisan bill to restore funding for state parks. Further research is underway to confirm the preliminary results.,1
Scientists mapped a previously unknown deep-sea ecosystem off the coast of New Zealand. Officials said implementation is expected to begin next quarter.,1
The city council approved a new public-transit expansion that will add 12 km of light-rail track. The project is expected to cost approximately $69 million. Funding for the initiative has been secured through the national budget.,1
Scientists mapped a previously unknown deep-sea ecosystem off the coast of New Zealand. Funding for the initiative has been secured through the national budget.,1
The government released its annual budget with increased spending on infrastructure. Around 80 thousand people are expected to benefit directly. The announcement was welcomed by industry groups and consumer advocates.,1
A peer-reviewed study linked regular walking with a measurable reduction in dementia risk. Independent observers praised the transparency of the process. The findings were confirmed by independent peer review.,1
Researchers published findings in Nature showing improved solar-cell efficiency using perovskite layers. The project is expected to cost approximately $157 million. The measure passed with broad cross-party support.,1
A clinical trial showed the new antibiotic reduced treatment time by 30 percent. A review panel of 6 experts was convened to assess the situation. Funding for the initiative has been secured through the national budget.,1
A new traffic management system reduced peak-hour congestion in the capital by 18 percent. The project is expected to cost approximately $22 million. Further research is underway to confirm the preliminary results.,1
The Federal Reserve held interest rates steady following a two-day policy meeting. Funding for the initiative has been secured through the national budget.,1
The labour department reported the unemployment rate fell to a four-year low last month. The project is expected to cost approximately $483 million. Analysts described the outcome as broadly in line with expectations.,1
Local health officials reported a 40 percent drop in flu hospitalisations after a vaccination drive. The project is expected to cost approximately $404 million. Further research is underway to confirm the preliminary results.,1
Engineers completed the first phase of a coastal flood-barrier project ahead of schedule. An independent audit is scheduled to assess progress within six months.,1
NASA successfully launched an atmospheric monitoring satellite from Cape Canaveral. A review panel of 6 experts was convened to assess the situation. The announcement was welcomed by industry groups and consumer advocates.,1
State legislators passed a bipartisan bill to restore funding for state parks. Independent observers praised the transparency of the process. The department said it would monitor progress and publish quarterly updates.,1
Officials from five countries signed a framework agreement on cross-border data privacy. A review panel of 6 experts was convened to assess the situation. Funding for the initiative has been secured through the national budget.,1
Scientists mapped a previously unknown deep-sea ecosystem off the coast of New Zealand. Independent observers praised the transparency of the process. Analysts described the outcome as broadly in line with expectations.,1
NASA successfully launched an atmospheric monitoring satellite from Cape Canaveral. A review panel of 9 experts was convened to assess the situation. Analysts described the outcome as broadly in line with expectations.,1
A new traffic management system reduced peak-hour congestion in the capital by 18 percent. An independent audit is scheduled to assess progress within six months.,1
The government released its annual budget with increased spending on infrastructure. Officials said implementation is expected to begin next quarter.,1
Local health officials reported a 40 percent drop in flu hospitalisations after a vaccination drive. The announcement was welcomed by industry groups and consumer advocates.,1
Scientists mapped a previously unknown deep-sea ecosystem off the coast of New Zealand. A review panel of 10 experts was convened to assess the situation. Further research is underway to confirm the preliminary results.,1
"The central bank released its quarterly inflation report, forecasting a gradual slowdown. The findings were confirmed by independent peer review.",1
The labour department reported the unemployment rate fell to a four-year low last month. Officials said implementation is expected to begin next quarter.,1
Astronomers detected three potentially habitable exoplanets in a nearby star system. A review panel of 9 experts was convened to assess the situation. The department said it would monitor progress and publish quarterly updates.,1
A peer-reviewed study linked regular walking with a measurable reduction in dementia risk. Independent observers praised the transparency of the process. The measure passed with broad cross-party support.,1
Officials from five countries signed a framework agreement on cross-border data privacy. The announcement was welcomed by industry groups and consumer advocates.,1
The government released its annual budget with increased spending on infrastructure. The project is expected to cost approximately $132 million. A spokesperson said more details would be released at a press briefing next week.,1
Scientists mapped a previously unknown deep-sea ecosystem off the coast of New Zealand. A review panel of 6 experts was convened to assess the situation. Analysts described the outcome as broadly in line with expectations.,1
Scientists mapped a previously unknown deep-sea ecosystem off the coast of New Zealand. Independent observers praised the transparency of the process. The department said it would monitor progress and publish quarterly updates.,1
The Federal Reserve held interest rates steady following a two-day policy meeting. Officials said implementation is expected to begin next quarter.,1
A peer-reviewed study linked regular walking with a measurable reduction in dementia risk. Independent observers praised the transparency of the process. The announcement was welcomed by industry groups and consumer advocates.,1
State legislators passed a bipartisan bill to restore funding for state parks. Around 566 thousand people are expected to benefit directly. The announcement was welcomed by industry groups and consumer advocates.,1
Engineers completed the first phase of a coastal flood-barrier project ahead of schedule. The project is expected to cost approximately $75 million. An independent audit is scheduled to assess progress within six months.,1
State legislators passed a bipartisan bill to restore funding for state parks. The project is expected to cost approximately $430 million. The department said it would monitor progress and publish quarterly updates.,1
Officials from five countries signed a framework agreement on cross-border data privacy. A review panel of 11 experts was convened to assess the situation. The measure passed with broad cross-party support.,1
Researchers published findings in Nature showing improved solar-cell efficiency using perovskite layers. The project is expected to cost approximately $244 million. The findings were confirmed by independent peer review.,1
Engineers completed the first phase of a coastal flood-barrier project ahead of schedule. A review panel of 7 experts was convened to assess the situation. A spokesperson said more details would be released at a press briefing next week.,1
The labour department reported the unemployment rate fell to a four-year low last month. Around 168 thousand people are expected to benefit directly. The measure passed with broad cross-party support.,1
The Ministry of Education announced revised science curricula for secondary schools next term. Independent observers praised the transparency of the process. A spokesperson said more details would be released at a press briefing next week.,1
The government released its annual budget with increased spending on infrastructure. The project is expected to cost approximately $170 million. Analysts described the outcome as broadly in line with expectations.,1
A new traffic management system reduced peak-hour congestion in the capital by 18 percent. Independent observers praised the transparency of the process. The announcement was welcomed by industry groups and consumer advocates.,1
"The central bank released its quarterly inflation report, forecasting a gradual slowdown. A review panel of 12 experts was convened to assess the situation. The department said it would monitor progress and publish quarterly updates.",1
Local health officials reported a 40 percent drop in flu hospitalisations after a vaccination drive. Around 539 thousand people are expected to benefit directly. An independent audit is scheduled to assess progress within six months.,1
A clinical trial showed the new antibiotic reduced treatment time by 30 percent. Around 857 thousand people are expected to benefit directly. The announcement was welcomed by industry groups and consumer advocates.,1
Engineers completed the first phase of a coastal flood-barrier project ahead of schedule. Officials said implementation is expected to begin next quarter.,1
A clinical trial showed the new antibiotic reduced treatment time by 30 percent. Independent observers praised the transparency of the process. Further research is underway to confirm the preliminary results.,1
Local health officials reported a 40 percent drop in flu hospitalisations after a vaccination drive. Around 403 thousand people are expected to benefit directly. The announcement was welcomed by industry groups and consumer advocates.,1
A new traffic management system reduced peak-hour congestion in the capital by 18 percent. A review panel of 14 experts was convened to assess the situation. An independent audit is scheduled to assess progress within six months.,1
The labour department reported the unemployment rate fell to a four-year low last month. Around 470 thousand people are expected to benefit directly. The department said it would monitor progress and publish quarterly updates.,1
Local health officials reported a 40 percent drop in flu hospitalisations after a vaccination drive. The project is expected to cost approximately $286 million. The findings were confirmed by independent peer review.,1
The annual technology summit opened with sessions on machine learning and grid efficiency. Around 656 thousand people are expected to benefit directly. Analysts described the outcome as broadly in line with expectations.,1
Scientists mapped a previously unknown deep-sea ecosystem off the coast of New Zealand. The project is expected to cost approximately $251 million. An independent audit is scheduled to assess progress within six months.,1
The Federal Reserve held interest rates steady following a two-day policy meeting. Further research is underway to confirm the preliminary results.,1
The labour department reported the unemployment rate fell to a four-year low last month. The project is expected to cost approximately $332 million. Officials said implementation is expected to begin next quarter.,1
Scientists mapped a previously unknown deep-sea ecosystem off the coast of New Zealand. A review panel of 5 experts was convened to assess the situation. An independent audit is scheduled to assess progress within six months.,1
The labour department reported the unemployment rate fell to a four-year low last month. A review panel of 12 experts was convened to assess the situation. The announcement was welcomed by industry groups and consumer advocates.,1
Officials from five countries signed a framework agreement on cross-border data privacy. The measure passed with broad cross-party support.,1
A new traffic management system reduced peak-hour congestion in the capital by 18 percent. The project is expected to cost approximately $468 million. The findings were confirmed by independent peer review.,1
The labour department reported the unemployment rate fell to a four-year low last month. The project is expected to cost approximately $367 million. The measure passed with broad cross-party support.,1
Scientists mapped a previously unknown deep-sea ecosystem off the coast of New Zealand. The project is expected to cost approximately $392 million. Further research is underway to confirm the preliminary results.,1
The Federal Reserve held interest rates steady following a two-day policy meeting. Around 9 thousand people are expected to benefit directly. The measure passed with broad cross-party support.,1
A peer-reviewed study linked regular walking with a measurable reduction in dementia risk. Independent observers praised the transparency of the process. Further research is underway to confirm the preliminary results.,1
The government released its annual budget with increased spending on infrastructure. The project is expected to cost approximately $69 million. Funding for the initiative has been secured through the national budget.,1
The city council approved a new public-transit expansion that will add 12 km of light-rail track. The project is expected to cost approximately $16 million. Funding for the initiative has been secured through the national budget.,1
The labour department reported the unemployment rate fell to a four-year low last month. The project is expected to cost approximately $154 million. The announcement was welcomed by industry groups and consumer advocates.,1
State legislators passed a bipartisan bill to restore funding for state parks. Independent observers praised the transparency of the process. Analysts described the outcome as broadly in line with expectations.,1
The labour department reported the unemployment rate fell to a four-year low last month. Independent observers praised the transparency of the process. An independent audit is scheduled to assess progress within six months.,1
The city council approved a new public-transit expansion that will add 12 km of light-rail track. Independent observers praised the transparency of the process. The announcement was welcomed by industry groups and consumer advocates.,1
The city council approved a new public-transit expansion that will add 12 km of light-rail track. Around 26 thousand people are expected to benefit directly. The findings were confirmed by independent peer review.,1
The Federal Reserve held interest rates steady following a two-day policy meeting. Independent observers praised the transparency of the process. Funding for the initiative has been secured through the national budget.,1
The government released its annual budget with increased spending on infrastructure. Officials said implementation is expected to begin next quarter.,1
The government released its annual budget with increased spending on infrastructure. Independent observers praised the transparency of the process. An independent audit is scheduled to assess progress within six months.,1
NASA successfully launched an atmospheric monitoring satellite from Cape Canaveral. Funding for the initiative has been secured through the national budget.,1
Local health officials reported a 40 percent drop in flu hospitalisations after a vaccination drive. Independent observers praised the transparency of the process. Officials said implementation is expected to begin next quarter.,1
A new traffic management system reduced peak-hour congestion in the capital by 18 percent. A spokesperson said more details would be released at a press briefing next week.,1
University researchers developed a biodegradable plastic substitute made from seaweed. Around 112 thousand people are expected to benefit directly. The announcement was welcomed by industry groups and consumer advocates.,1
A peer-reviewed study linked regular walking with a measurable reduction in dementia risk. Funding for the initiative has been secured through the national budget.,1
The annual technology summit opened with sessions on machine learning and grid efficiency. The project is expected to cost approximately $71 million. A spokesperson said more details would be released at a press briefing next week.,1
A clinical trial showed the new antibiotic reduced treatment time by 30 percent. Independent observers praised the transparency of the process. An independent audit is scheduled to assess progress within six months.,1
Astronomers detected three potentially habitable exoplanets in a nearby star system. The findings were confirmed by independent peer review.,1
The city council approved a new public-transit expansion that will add 12 km of light-rail track. Independent observers praised the transparency of the process. A spokesperson said more details would be released at a press briefing next week.,1
The labour department reported the unemployment rate fell to a four-year low last month. Around 67 thousand people are expected to benefit directly. Funding for the initiative has been secured through the national budget.,1
The city council approved a new public-transit expansion that will add 12 km of light-rail track. Around 415 thousand people are expected to benefit directly. Officials said implementation is expected to begin next quarter.,1
Astronomers detected three potentially habitable exoplanets in a nearby star system. The findings were confirmed by independent peer review.,1
The World Health Organisation confirmed the elimination of a viral disease in West Africa. Around 490 thousand people are expected to benefit directly. Further research is underway to confirm the preliminary results.,1
NASA successfully launched an atmospheric monitoring satellite from Cape Canaveral. Funding for the initiative has been secured through the national budget.,1
The Ministry of Education announced revised science curricula for secondary schools next term. The project is expected to cost approximately $157 million. Further research is underway to confirm the preliminary results.,1
A clinical trial showed the new antibiotic reduced treatment time by 30 percent. Independent observers praised the transparency of the process. Funding for the initiative has been secured through the national budget.,1
Local health officials reported a 40 percent drop in flu hospitalisations after a vaccination drive. The project is expected to cost approximately $259 million. The findings were confirmed by independent peer review.,1
Scientists mapped a previously unknown deep-sea ecosystem off the coast of New Zealand. Analysts described the outcome as broadly in line with expectations.,1
Scientists mapped a previously unknown deep-sea ecosystem off the coast of New Zealand. The project is expected to cost approximately $159 million. A spokesperson said more details would be released at a press briefing next week.,1
Officials from five countries signed a framework agreement on cross-border data privacy. The project is expected to cost approximately $320 million. Funding for the initiative has been secured through the national budget.,1
Local health officials reported a 40 percent drop in flu hospitalisations after a vaccination drive. The project is expected to cost approximately $116 million. Analysts described the outcome as broadly in line with expectations.,1
Engineers completed the first phase of a coastal flood-barrier project ahead of schedule. The project is expected to cost approximately $27 million. The measure passed with broad cross-party support.,1
The annual technology summit opened with sessions on machine learning and grid efficiency. The project is expected to cost approximately $120 million. Analysts described the outcome as broadly in line with expectations.,1
The World Health Organisation confirmed the elimination of a viral disease in West Africa. Around 494 thousand people are expected to benefit directly. The department said it would monitor progress and publish quarterly updates.,1
"The central bank released its quarterly inflation report, forecasting a gradual slowdown. Around 225 thousand people are expected to benefit directly. Funding for the initiative has been secured through the national budget.",1
State legislators passed a bipartisan bill to restore funding for state parks. Around 479 thousand people are expected to benefit directly. The department said it would monitor progress and publish quarterly updates.,1
A clinical trial showed the new antibiotic reduced treatment time by 30 percent. Around 728 thousand people are expected to benefit directly. The measure passed with broad cross-party support.,1
"The central bank released its quarterly inflation report, forecasting a gradual slowdown. The project is expected to cost approximately $461 million. The announcement was welcomed by industry groups and consumer advocates.",1
The labour department reported the unemployment rate fell to a four-year low last month. A review panel of 6 experts was convened to assess the situation. The department said it would monitor progress and publish quarterly updates.,1
A clinical trial showed the new antibiotic reduced treatment time by 30 percent. The announcement was welcomed by industry groups and consumer advocates.,1
Researchers published findings in Nature showing improved solar-cell efficiency using perovskite layers. Officials said implementation is expected to begin next quarter.,1
Researchers published findings in Nature showing improved solar-cell efficiency using perovskite layers. A spokesperson said more details would be released at a press briefing next week.,1
The labour department reported the unemployment rate fell to a four-year low last month. The measure passed with broad cross-party support.,1
Astronomers detected three potentially habitable exoplanets in a nearby star system. A review panel of 11 experts was convened to assess the situation. The announcement was welcomed by industry groups and consumer advocates.,1
The labour department reported the unemployment rate fell to a four-year low last month. The findings were confirmed by independent peer review.,1
A clinical trial showed the new antibiotic reduced treatment time by 30 percent. Independent observers praised the transparency of the process. The measure passed with broad cross-party support.,1
Astronomers detected three potentially habitable exoplanets in a nearby star system. Around 694 thousand people are expected to benefit directly. An independent audit is scheduled to assess progress within six months.,1
The Federal Reserve held interest rates steady following a two-day policy meeting. Around 833 thousand people are expected to benefit directly. An independent audit is scheduled to assess progress within six months.,1
State legislators passed a bipartisan bill to restore funding for state parks. The project is expected to cost approximately $112 million. Officials said implementation is expected to begin next quarter.,1
The annual technology summit opened with sessions on machine learning and grid efficiency. Independent observers praised the transparency of the process. The findings were confirmed by independent peer review.,1
Scientists mapped a previously unknown deep-sea ecosystem off the coast of New Zealand. Independent observers praised the transparency of the process. Further research is underway to confirm the preliminary results.,1
A peer-reviewed study linked regular walking with a measurable reduction in dementia risk. The project is expected to cost approximately $79 million. Further research is underway to confirm the preliminary results.,1
A peer-reviewed study linked regular walking with a measurable reduction in dementia risk. Around 752 thousand people are expected to benefit directly. The measure passed with broad cross-party support.,1
The city council approved a new public-transit expansion that will add 12 km of light-rail track. Analysts described the outcome as broadly in line with expectations.,1
State legislators passed a bipartisan bill to restore funding for state parks. The findings were confirmed by independent peer review.,1
Engineers completed the first phase of a coastal flood-barrier project ahead of schedule. The project is expected to cost approximately $153 million. A spokesperson said more details would be released at a press briefing next week.,1
A new traffic management system reduced peak-hour congestion in the capital by 18 percent. The department said it would monitor progress and publish quarterly updates.,1
NASA successfully launched an atmospheric monitoring satellite from Cape Canaveral. Around 769 thousand people are expected to benefit directly. A spokesperson said more details would be released at a press briefing next week.,1
"The central bank released its quarterly inflation report, forecasting a gradual slowdown. Around 716 thousand people are expected to benefit directly. Funding for the initiative has been secured through the national budget.",1
Engineers completed the first phase of a coastal flood-barrier project ahead of schedule. The project is expected to cost approximately $189 million. Officials said implementation is expected to begin next quarter.,1
The government released its annual budget with increased spending on infrastructure. The project is expected to cost approximately $423 million. The measure passed with broad cross-party support.,1
A clinical trial showed the new antibiotic reduced treatment time by 30 percent. The project is expected to cost approximately $427 million. An independent audit is scheduled to assess progress within six months.,1
Astronomers detected three potentially habitable exoplanets in a nearby star system. Independent observers praised the transparency of the process. Further research is underway to confirm the preliminary results.,1
The World Health Organisation confirmed the elimination of a viral disease in West Africa. The project is expected to cost approximately $254 million. The measure passed with broad cross-party support.,1
A clinical trial showed the new antibiotic reduced treatment time by 30 percent. Independent observers praised the transparency of the process. The findings were confirmed by independent peer review.,1
Engineers completed the first phase of a coastal flood-barrier project ahead of schedule. A review panel of 7 experts was convened to assess the situation. Funding for the initiative has been secured through the national budget.,1
State legislators passed a bipartisan bill to restore funding for state parks. Independent observers praised the transparency of the process. The findings were confirmed by independent peer review.,1
University researchers developed a biodegradable plastic substitute made from seaweed. The project is expected to cost approximately $160 million. Analysts described the outcome as broadly in line with expectations.,1
"The central bank released its quarterly inflation report, forecasting a gradual slowdown. Around 157 thousand people are expected to benefit directly. Officials said implementation is expected to begin next quarter.",1
A clinical trial showed the new antibiotic reduced treatment time by 30 percent. Around 723 thousand people are expected to benefit directly. Funding for the initiative has been secured through the national budget.,1
The government released its annual budget with increased spending on infrastructure. Independent observers praised the transparency of the process. Analysts described the outcome as broadly in line with expectations.,1
A clinical trial showed the new antibiotic reduced treatment time by 30 percent. Around 562 thousand people are expected to benefit directly. An independent audit is scheduled to assess progress within six months.,1
The annual technology summit opened with sessions on machine learning and grid efficiency. Around 458 thousand people are expected to benefit directly. The announcement was welcomed by industry groups and consumer advocates.,1
A peer-reviewed study linked regular walking with a measurable reduction in dementia risk. Around 865 thousand people are expected to benefit directly. Analysts described the outcome as broadly in line with expectations.,1
Astronomers detected three potentially habitable exoplanets in a nearby star system. A review panel of 4 experts was convened to assess the situation. Further research is underway to confirm the preliminary results.,1
A peer-reviewed study linked regular walking with a measurable reduction in dementia risk. A review panel of 14 experts was convened to assess the situation. An independent audit is scheduled to assess progress within six months.,1
The city council approved a new public-transit expansion that will add 12 km of light-rail track. Around 459 thousand people are expected to benefit directly. The findings were confirmed by independent peer review.,1
A new traffic management system reduced peak-hour congestion in the capital by 18 percent. The project is expected to cost approximately $492 million. Analysts described the outcome as broadly in line with expectations.,1
State legislators passed a bipartisan bill to restore funding for state parks. Around 71 thousand people are expected to benefit directly. Further research is underway to confirm the preliminary results.,1
Engineers completed the first phase of a coastal flood-barrier project ahead of schedule. Independent observers praised the transparency of the process. Officials said implementation is expected to begin next quarter.,1
NASA successfully launched an atmospheric monitoring satellite from Cape Canaveral. Further research is underway to confirm the preliminary results.,1
Researchers published findings in Nature showing improved solar-cell efficiency using perovskite layers. The measure passed with broad cross-party support.,1
Scientists mapped a previously unknown deep-sea ecosystem off the coast of New Zealand. Around 593 thousand people are expected to benefit directly. Funding for the initiative has been secured through the national budget.,1
The city council approved a new public-transit expansion that will add 12 km of light-rail track. Independent observers praised the transparency of the process. The announcement was welcomed by industry groups and consumer advocates.,1
The World Health Organisation confirmed the elimination of a viral disease in West Africa. Around 96 thousand people are expected to benefit directly. Officials said implementation is expected to begin next quarter.,1
The Ministry of Education announced revised science curricula for secondary schools next term. The project is expected to cost approximately $12 million. The announcement was welcomed by industry groups and consumer advocates.,1
NASA successfully launched an atmospheric monitoring satellite from Cape Canaveral. The project is expected to cost approximately $24 million. Funding for the initiative has been secured through the national budget.,1
University researchers developed a biodegradable plastic substitute made from seaweed. A review panel of 10 experts was convened to assess the situation. The announcement was welcomed by industry groups and consumer advocates.,1
Astronomers detected three potentially habitable exoplanets in a nearby star system. Independent observers praised the transparency of the process. The announcement was welcomed by industry groups and consumer advocates.,1
Scientists mapped a previously unknown deep-sea ecosystem off the coast of New Zealand. A review panel of 11 experts was convened to assess the situation. A spokesperson said more details would be released at a press briefing next week.,1
The Federal Reserve held interest rates steady following a two-day policy meeting. A spokesperson said more details would be released at a press briefing next week.,1
University researchers developed a biodegradable plastic substitute made from seaweed. Around 407 thousand people are expected to benefit directly. Officials said implementation is expected to begin next quarter.,1
Astronomers detected three potentially habitable exoplanets in a nearby star system. A review panel of 9 experts was convened to assess the situation. The announcement was welcomed by industry groups and consumer advocates.,1
Officials from five countries signed a framework agreement on cross-border data privacy. The project is expected to cost approximately $77 million. Analysts described the outcome as broadly in line with expectations.,1
Local health officials reported a 40 percent drop in flu hospitalisations after a vaccination drive. The project is expected to cost approximately $353 million. Further research is underway to confirm the preliminary results.,1
Researchers published findings in Nature showing improved solar-cell efficiency using perovskite layers. The project is expected to cost approximately $458 million. The measure passed with broad cross-party support.,1
State legislators passed a bipartisan bill to restore funding for state parks. The findings were confirmed by independent peer review.,1
The World Health Organisation confirmed the elimination of a viral disease in West Africa. The project is expected to cost approximately $18 million. A spokesperson said more details would be released at a press briefing next week.,1
A new traffic management system reduced peak-hour congestion in the capital by 18 percent. The project is expected to cost approximately $178 million. Funding for the initiative has been secured through the national budget.,1
The government released its annual budget with increased spending on infrastructure. The project is expected to cost approximately $378 million. Further research is underway to confirm the preliminary results.,1
A new traffic management system reduced peak-hour congestion in the capital by 18 percent. A review panel of 7 experts was convened to assess the situation. A spokesperson said more details would be released at a press briefing next week.,1
"The central bank released its quarterly inflation report, forecasting a gradual slowdown. The project is expected to cost approximately $455 million. The measure passed with broad cross-party support.",1
A new traffic management system reduced peak-hour congestion in the capital by 18 percent. Around 559 thousand people are expected to benefit directly. An independent audit is scheduled to assess progress within six months.,1
The city council approved a new public-transit expansion that will add 12 km of light-rail track. A review panel of 13 experts was convened to assess the situation. A spokesperson said more details would be released at a press briefing next week.,1
Local health officials reported a 40 percent drop in flu hospitalisations after a vaccination drive. A review panel of 7 experts was convened to assess the situation. The findings were confirmed by independent peer review.,1
Researchers published findings in Nature showing improved solar-cell efficiency using perovskite layers. Around 528 thousand people are expected to benefit directly. The department said it would monitor progress and publish quarterly updates.,1
Engineers completed the first phase of a coastal flood-barrier project ahead of schedule. Independent observers praised the transparency of the process. Analysts described the outcome as broadly in line with expectations.,1
"The central bank released its quarterly inflation report, forecasting a gradual slowdown. Independent observers praised the transparency of the process. Funding for the initiative has been secured through the national budget.",1
NASA successfully launched an atmospheric monitoring satellite from Cape Canaveral. The project is expected to cost approximately $100 million. An independent audit is scheduled to assess progress within six months.,1
State legislators passed a bipartisan bill to restore funding for state parks. Independent observers praised the transparency of the process. The findings were confirmed by independent peer review.,1
Officials from five countries signed a framework agreement on cross-border data privacy. The department said it would monitor progress and publish quarterly updates.,1
Scientists mapped a previously unknown deep-sea ecosystem off the coast of New Zealand. Further research is underway to confirm the preliminary results.,1
Researchers published findings in Nature showing improved solar-cell efficiency using perovskite layers. The project is expected to cost approximately $42 million. A spokesperson said more details would be released at a press briefing next week.,1
NASA successfully launched an atmospheric monitoring satellite from Cape Canaveral. The department said it would monitor progress and publish quarterly updates.,1
The government released its annual budget with increased spending on infrastructure. The findings were confirmed by independent peer review.,1
The government released its annual budget with increased spending on infrastructure. A review panel of 8 experts was convened to assess the situation. Funding for the initiative has been secured through the national budget.,1
The annual technology summit opened with sessions on machine learning and grid efficiency. The measure passed with broad cross-party support.,1
NASA successfully launched an atmospheric monitoring satellite from Cape Canaveral. The findings were confirmed by independent peer review.,1
The Federal Reserve held interest rates steady following a two-day policy meeting. A review panel of 6 experts was convened to assess the situation. The department said it would monitor progress and publish quarterly updates.,1
Astronomers detected three potentially habitable exoplanets in a nearby star system. Independent observers praised the transparency of the process. Analysts described the outcome as broadly in line with expectations.,1
A clinical trial showed the new antibiotic reduced treatment time by 30 percent. A review panel of 5 experts was convened to assess the situation. A spokesperson said more details would be released at a press briefing next week.,1
Scientists mapped a previously unknown deep-sea ecosystem off the coast of New Zealand. A review panel of 13 experts was convened to assess the situation. Analysts described the outcome as broadly in line with expectations.,1
The labour department reported the unemployment rate fell to a four-year low last month. The measure passed with broad cross-party support.,1
The annual technology summit opened with sessions on machine learning and grid efficiency. Analysts described the outcome as broadly in line with expectations.,1
Engineers completed the first phase of a coastal flood-barrier project ahead of schedule. Independent observers praised the transparency of the process. Officials said implementation is expected to begin next quarter.,1
Researchers published findings in Nature showing improved solar-cell efficiency using perovskite layers. Officials said implementation is expected to begin next quarter.,1
Local health officials reported a 40 percent drop in flu hospitalisations after a vaccination drive. A review panel of 11 experts was convened to assess the situation. The findings were confirmed by independent peer review.,1
Researchers published findings in Nature showing improved solar-cell efficiency using perovskite layers. Independent observers praised the transparency of the process. The department said it would monitor progress and publish quarterly updates.,1
The annual technology summit opened with sessions on machine learning and grid efficiency. Around 482 thousand people are expected to benefit directly. Officials said implementation is expected to begin next quarter.,1
The annual technology summit opened with sessions on machine learning and grid efficiency. Independent observers praised the transparency of the process. The findings were confirmed by independent peer review.,1
NASA successfully launched an atmospheric monitoring satellite from Cape Canaveral. The project is expected to cost approximately $460 million. A spokesperson said more details would be released at a press briefing next week.,1
A new traffic management system reduced peak-hour congestion in the capital by 18 percent. A review panel of 13 experts was convened to assess the situation. Funding for the initiative has been secured through the national budget.,1
The labour department reported the unemployment rate fell to a four-year low last month. Around 495 thousand people are expected to benefit directly. The announcement was welcomed by industry groups and consumer advocates.,1
The Federal Reserve held interest rates steady following a two-day policy meeting. The project is expected to cost approximately $116 million. Funding for the initiative has been secured through the national budget.,1
Engineers completed the first phase of a coastal flood-barrier project ahead of schedule. The measure passed with broad cross-party support.,1
The labour department reported the unemployment rate fell to a four-year low last month. The measure passed with broad cross-party support.,1
University researchers developed a biodegradable plastic substitute made from seaweed. Around 274 thousand people are expected to benefit directly. An independent audit is scheduled to assess progress within six months.,1
A peer-reviewed study linked regular walking with a measurable reduction in dementia risk. The project is expected to cost approximately $446 million. The measure passed with broad cross-party support.,1
The Ministry of Education announced revised science curricula for secondary schools next term. Around 604 thousand people are expected to benefit directly. The findings were confirmed by independent peer review.,1
Researchers published findings in Nature showing improved solar-cell efficiency using perovskite layers. Independent observers praised the transparency of the process. The findings were confirmed by independent peer review.,1
NASA successfully launched an atmospheric monitoring satellite from Cape Canaveral. Independent observers praised the transparency of the process. Officials said implementation is expected to begin next quarter.,1
"The central bank released its quarterly inflation report, forecasting a gradual slowdown. Independent observers praised the transparency of the process. The department said it would monitor progress and publish quarterly updates.",1
Researchers published findings in Nature showing improved solar-cell efficiency using perovskite layers. Around 153 thousand people are expected to benefit directly. The announcement was welcomed by industry groups and consumer advocates.,1
Local health officials reported a 40 percent drop in flu hospitalisations after a vaccination drive. The project is expected to cost approximately $34 million. A spokesperson said more details would be released at a press briefing next week.,1
The Federal Reserve held interest rates steady following a two-day policy meeting. Independent observers praised the transparency of the process. A spokesperson said more details would be released at a press briefing next week.,1
Local health officials reported a 40 percent drop in flu hospitalisations after a vaccination drive. A review panel of 3 experts was convened to assess the situation. Officials said implementation is expected to begin next quarter.,1
A peer-reviewed study linked regular walking with a measurable reduction in dementia risk. Around 559 thousand people are expected to benefit directly. The announcement was welcomed by industry groups and consumer advocates.,1
Local health officials reported a 40 percent drop in flu hospitalisations after a vaccination drive. Around 677 thousand people are expected to benefit directly. The department said it would monitor progress and publish quarterly updates.,1
A clinical trial showed the new antibiotic reduced treatment time by 30 percent. Around 244 thousand people are expected to benefit directly. An independent audit is scheduled to assess progress within six months.,1
The labour department reported the unemployment rate fell to a four-year low last month. The project is expected to cost approximately $215 million. Further research is underway to confirm the preliminary results.,1
Scientists mapped a previously unknown deep-sea ecosystem off the coast of New Zealand. The project is expected to cost approximately $400 million. Officials said implementation is expected to begin next quarter.,1
Astronomers detected three potentially habitable exoplanets in a nearby star system. Independent observers praised the transparency of the process. Analysts described the outcome as broadly in line with expectations.,1
University researchers developed a biodegradable plastic substitute made from seaweed. The measure passed with broad cross-party support.,1
The World Health Organisation confirmed the elimination of a viral disease in West Africa. Further research is underway to confirm the preliminary results.,1
Scientists mapped a previously unknown deep-sea ecosystem off the coast of New Zealand. A review panel of 14 experts was convened to assess the situation. The announcement was welcomed by industry groups and consumer advocates.,1
State legislators passed a bipartisan bill to restore funding for state parks. Independent observers praised the transparency of the process. Analysts described the outcome as broadly in line with expectations.,1
Engineers completed the first phase of a coastal flood-barrier project ahead of schedule. Around 84 thousand people are expected to benefit directly. The measure passed with broad cross-party support.,1
University researchers developed a biodegradable plastic substitute made from seaweed. The project is expected to cost approximately $393 million. An independent audit is scheduled to assess progress within six months.,1
Astronomers detected three potentially habitable exoplanets in a nearby star system. Independent observers praised the transparency of the process. The findings were confirmed by independent peer review.,1
The government released its annual budget with increased spending on infrastructure. A review panel of 9 experts was convened to assess the situation. An independent audit is scheduled to assess progress within six months.,1
Astronomers detected three potentially habitable exoplanets in a nearby star system. Independent observers praised the transparency of the process. An independent audit is scheduled to assess progress within six months.,1
A new traffic management system reduced peak-hour congestion in the capital by 18 percent. Independent observers praised the transparency of the process. The measure passed with broad cross-party support.,1
Engineers completed the first phase of a coastal flood-barrier project ahead of schedule. Around 316 thousand people are expected to benefit directly. The measure passed with broad cross-party support.,1
"The central bank released its quarterly inflation report, forecasting a gradual slowdown. Around 14 thousand people are expected to benefit directly. The department said it would monitor progress and publish quarterly updates.",1
"The central bank released its quarterly inflation report, forecasting a gradual slowdown. Further research is underway to confirm the preliminary results.",1
State legislators passed a bipartisan bill to restore funding for state parks. The measure passed with broad cross-party support.,1
State legislators passed a bipartisan bill to restore funding for state parks. A review panel of 6 experts was convened to assess the situation. The findings were confirmed by independent peer review.,1
The city council approved a new public-transit expansion that will add 12 km of light-rail track. Further research is underway to confirm the preliminary results.,1
The annual technology summit opened with sessions on machine learning and grid efficiency. A review panel of 10 experts was convened to assess the situation. An independent audit is scheduled to assess progress within six months.,1
The annual technology summit opened with sessions on machine learning and grid efficiency. The project is expected to cost approximately $101 million. A spokesperson said more details would be released at a press briefing next week.,1
A miracle cure for all diseases was discovered by a blogger that doctors refuse to acknowledge. The claim has been disputed by official bodies. The original source of this claim is unknown.,0
"New scientific proof shows the earth is hollow and an ancient civilisation lives inside. The claim was dismissed by official sources, though supporters say that proves suppression.",0
Government officials are secretly hiding alien spacecraft in underground military bunkers. The original source of this claim is unknown.,0
A new study no mainstream outlet will cover shows that 5G causes neurological damage. Comments on various online forums suggest widespread belief in the claim. No peer-reviewed evidence supports the assertion.,0
A former government employee alleges that climate data is being falsified by agencies. No peer-reviewed research has confirmed this assertion. The original source of this claim is unknown.,0
"Top politicians were caught conducting a secret ritual, according to a whistleblower. An anonymous source provided documents that have not been independently verified. No peer-reviewed evidence supports the assertion.",0
"Top politicians were caught conducting a secret ritual, according to a whistleblower. An anonymous source provided documents that have not been independently verified. No peer-reviewed evidence supports the assertion.",0
Leaked emails allegedly show health regulators approved unsafe drugs in exchange for bribes. No peer-reviewed research has confirmed this assertion. Authorities have not confirmed the report.,0
Leaked emails allegedly show health regulators approved unsafe drugs in exchange for bribes. Fact-checking organisations have rated this claim as false or misleading.,0
A new study no mainstream outlet will cover shows that 5G causes neurological damage. No peer-reviewed research has confirmed this assertion. The story spread widely on social media before fact-checkers investigated.,0
A whistleblower claims a health crisis was manufactured by pharmaceutical companies. The claim has been disputed by official bodies. Fact-checking organisations have rated this claim as false or misleading.,0
A miracle cure for all diseases was discovered by a blogger that doctors refuse to acknowledge. The original source of this claim is unknown.,0
Declassified files reportedly confirm that world leaders answer to a shadowy global council. An anonymous source provided documents that have not been independently verified. Authorities have not confirmed the report.,0
An underground laboratory is reportedly developing a virus to reduce the global population. The original source of this claim is unknown.,0
A viral post claims vaccines contain microchips that transmit personal data to governments. Comments on various online forums suggest widespread belief in the claim. The allegation remains unverified as of publication.,0
Insiders claim social-media algorithms are deliberately hiding the truth from ordinary people. The claim has been disputed by official bodies. The original source of this claim is unknown.,0
"Secret satellite footage allegedly proves the moon landing was staged on a film set. The claim was dismissed by official sources, though supporters say that proves suppression.",0
New scientific proof shows the earth is hollow and an ancient civilisation lives inside. The original source of this claim is unknown.,0
"Top politicians were caught conducting a secret ritual, according to a whistleblower. An anonymous source provided documents that have not been independently verified. The allegation remains unverified as of publication.",0
An underground laboratory is reportedly developing a virus to reduce the global population. Comments on various online forums suggest widespread belief in the claim. Critics say this is misinformation; supporters insist it is being covered up.,0
Anonymous sources say free-energy devices are being suppressed by the oil industry. No peer-reviewed research has confirmed this assertion. No peer-reviewed evidence supports the assertion.,0
A whistleblower claims a health crisis was manufactured by pharmaceutical companies. The claim has been disputed by official bodies. The allegation remains unverified as of publication.,0
"Top politicians were caught conducting a secret ritual, according to a whistleblower. Independent researchers have found no evidence to support the claim.",0
Leaked emails allegedly show health regulators approved unsafe drugs in exchange for bribes. An anonymous source provided documents that have not been independently verified. This information has not been verified by any mainstream outlet.,0
Insiders claim social-media algorithms are deliberately hiding the truth from ordinary people. The claim has been disputed by official bodies. Fact-checking organisations have rated this claim as false or misleading.,0
"Top politicians were caught conducting a secret ritual, according to a whistleblower. No peer-reviewed research has confirmed this assertion. No peer-reviewed evidence supports the assertion.",0
"Anonymous sources say free-energy devices are being suppressed by the oil industry. An anonymous source provided documents that have not been independently verified. The claim was dismissed by official sources, though supporters say that proves suppression.",0
"New scientific proof shows the earth is hollow and an ancient civilisation lives inside. No peer-reviewed research has confirmed this assertion. The claim was dismissed by official sources, though supporters say that proves suppression.",0
"Insiders claim social-media algorithms are deliberately hiding the truth from ordinary people. Comments on various online forums suggest widespread belief in the claim. The claim was dismissed by official sources, though supporters say that proves suppression.",0
Weather machines are being used by shadowy organisations to cause floods and droughts. The claim has been disputed by official bodies. This information has not been verified by any mainstream outlet.,0
A local man claims to win the lottery repeatedly using a hidden mathematical exploit. No peer-reviewed research has confirmed this assertion. No peer-reviewed evidence supports the assertion.,0
"Anonymous sources say free-energy devices are being suppressed by the oil industry. No peer-reviewed research has confirmed this assertion. The claim was dismissed by official sources, though supporters say that proves suppression.",0
An underground laboratory is reportedly developing a virus to reduce the global population. Comments on various online forums suggest widespread belief in the claim. The allegation remains unverified as of publication.,0
A leaked video supposedly reveals a celebrity scandal involving radioactive food additives. The claim has been disputed by official bodies. Critics say this is misinformation; supporters insist it is being covered up.,0
Anonymous sources say free-energy devices are being suppressed by the oil industry. An anonymous source provided documents that have not been independently verified. No peer-reviewed evidence supports the assertion.,0
"A corporation is using mind-control signals embedded in street lighting, insiders allege. No peer-reviewed evidence supports the assertion.",0
Government officials are secretly hiding alien spacecraft in underground military bunkers. Fact-checking organisations have rated this claim as false or misleading.,0
Experts the establishment does not want you to hear say gravity is a fictional concept. Comments on various online forums suggest widespread belief in the claim. This information has not been verified by any mainstream outlet.,0
A leaked video supposedly reveals a celebrity scandal involving radioactive food additives. An anonymous source provided documents that have not been independently verified. Critics say this is misinformation; supporters insist it is being covered up.,0
A hidden document reveals elites are adding chemicals to tap water to suppress memory. The claim has been disputed by official bodies. The original source of this claim is unknown.,0
A whistleblower claims a health crisis was manufactured by pharmaceutical companies. No peer-reviewed research has confirmed this assertion. Critics say this is misinformation; supporters insist it is being covered up.,0
Weather machines are being used by shadowy organisations to cause floods and droughts. Authorities have not confirmed the report.,0
"A whistleblower claims a health crisis was manufactured by pharmaceutical companies. The claim was dismissed by official sources, though supporters say that proves suppression.",0
A new study no mainstream outlet will cover shows that 5G causes neurological damage. The claim has been disputed by official bodies. This information has not been verified by any mainstream outlet.,0
A viral post claims vaccines contain microchips that transmit personal data to governments. Fact-checking organisations have rated this claim as false or misleading.,0
A local man claims to win the lottery repeatedly using a hidden mathematical exploit. The claim has been disputed by official bodies. Authorities have not confirmed the report.,0
A new study no mainstream outlet will cover shows that 5G causes neurological damage. No peer-reviewed evidence supports the assertion.,0
New scientific proof shows the earth is hollow and an ancient civilisation lives inside. The allegation remains unverified as of publication.,0
"A whistleblower claims a health crisis was manufactured by pharmaceutical companies. The claim was dismissed by official sources, though supporters say that proves suppression.",0
Declassified files reportedly confirm that world leaders answer to a shadowy global council. An anonymous source provided documents that have not been independently verified. This information has not been verified by any mainstream outlet.,0
Declassified files reportedly confirm that world leaders answer to a shadowy global council. The story spread widely on social media before fact-checkers investigated.,0
A hidden document reveals elites are adding chemicals to tap water to suppress memory. The claim has been disputed by official bodies. Fact-checking organisations have rated this claim as false or misleading.,0
Secret satellite footage allegedly proves the moon landing was staged on a film set. Comments on various online forums suggest widespread belief in the claim. Critics say this is misinformation; supporters insist it is being covered up.,0
A local man claims to win the lottery repeatedly using a hidden mathematical exploit. No peer-reviewed research has confirmed this assertion. The allegation remains unverified as of publication.,0
"Top politicians were caught conducting a secret ritual, according to a whistleblower. No peer-reviewed research has confirmed this assertion. The allegation remains unverified as of publication.",0
Anonymous sources say free-energy devices are being suppressed by the oil industry. The claim has been disputed by official bodies. Authorities have not confirmed the report.,0
"A viral post claims vaccines contain microchips that transmit personal data to governments. No peer-reviewed research has confirmed this assertion. The claim was dismissed by official sources, though supporters say that proves suppression.",0
Declassified files reportedly confirm that world leaders answer to a shadowy global council. An anonymous source provided documents that have not been independently verified. The story spread widely on social media before fact-checkers investigated.,0
An underground laboratory is reportedly developing a virus to reduce the global population. No peer-reviewed research has confirmed this assertion. This information has not been verified by any mainstream outlet.,0
A leaked video supposedly reveals a celebrity scandal involving radioactive food additives. Comments on various online forums suggest widespread belief in the claim. This information has not been verified by any mainstream outlet.,0
A former government employee alleges that climate data is being falsified by agencies. The story spread widely on social media before fact-checkers investigated.,0
Leaked emails allegedly show health regulators approved unsafe drugs in exchange for bribes. Comments on various online forums suggest widespread belief in the claim. The story spread widely on social media before fact-checkers investigated.,0
A viral post claims vaccines contain microchips that transmit personal data to governments. An anonymous source provided documents that have not been independently verified. No peer-reviewed evidence supports the assertion.,0
Declassified files reportedly confirm that world leaders answer to a shadowy global council. The claim has been disputed by official bodies. Critics say this is misinformation; supporters insist it is being covered up.,0
New scientific proof shows the earth is hollow and an ancient civilisation lives inside. Comments on various online forums suggest widespread belief in the claim. The story spread widely on social media before fact-checkers investigated.,0
Government officials are secretly hiding alien spacecraft in underground military bunkers. No peer-reviewed research has confirmed this assertion. Critics say this is misinformation; supporters insist it is being covered up.,0
New scientific proof shows the earth is hollow and an ancient civilisation lives inside. No peer-reviewed research has confirmed this assertion. No peer-reviewed evidence supports the assertion.,0
A miracle cure for all diseases was discovered by a blogger that doctors refuse to acknowledge. The claim has been disputed by official bodies. Authorities have not confirmed the report.,0
"Leaked emails allegedly show health regulators approved unsafe drugs in exchange for bribes. The claim has been disputed by official bodies. The claim was dismissed by official sources, though supporters say that proves suppression.",0
A local man claims to win the lottery repeatedly using a hidden mathematical exploit. Comments on various online forums suggest widespread belief in the claim. Independent researchers have found no evidence to support the claim.,0
A hidden document reveals elites are adding chemicals to tap water to suppress memory. Authorities have not confirmed the report.,0
Declassified files reportedly confirm that world leaders answer to a shadowy global council. An anonymous source provided documents that have not been independently verified. The story spread widely on social media before fact-checkers investigated.,0
Weather machines are being used by shadowy organisations to cause floods and droughts. Comments on various online forums suggest widespread belief in the claim. Independent researchers have found no evidence to support the claim.,0
A hidden document reveals elites are adding chemicals to tap water to suppress memory. Comments on various online forums suggest widespread belief in the claim. Authorities have not confirmed the report.,0
A former government employee alleges that climate data is being falsified by agencies. Critics say this is misinformation; supporters insist it is being covered up.,0
A hidden document reveals elites are adding chemicals to tap water to suppress memory. No peer-reviewed research has confirmed this assertion. The story spread widely on social media before fact-checkers investigated.,0
Secret satellite footage allegedly proves the moon landing was staged on a film set. The claim has been disputed by official bodies. Authorities have not confirmed the report.,0
A local man claims to win the lottery repeatedly using a hidden mathematical exploit. Comments on various online forums suggest widespread belief in the claim. This information has not been verified by any mainstream outlet.,0
A new study no mainstream outlet will cover shows that 5G causes neurological damage. The claim has been disputed by official bodies. The allegation remains unverified as of publication.,0
Government officials are secretly hiding alien spacecraft in underground military bunkers. The claim has been disputed by official bodies. Fact-checking organisations have rated this claim as false or misleading.,0
New scientific proof shows the earth is hollow and an ancient civilisation lives inside. Comments on various online forums suggest widespread belief in the claim. The allegation remains unverified as of publication.,0
Anonymous sources say free-energy devices are being suppressed by the oil industry. No peer-reviewed research has confirmed this assertion. No peer-reviewed evidence supports the assertion.,0
A hidden document reveals elites are adding chemicals to tap water to suppress memory. Comments on various online forums suggest widespread belief in the claim. Critics say this is misinformation; supporters insist it is being covered up.,0
"A former government employee alleges that climate data is being falsified by agencies. An anonymous source provided documents that have not been independently verified. The claim was dismissed by official sources, though supporters say that proves suppression.",0
A whistleblower claims a health crisis was manufactured by pharmaceutical companies. Comments on various online forums suggest widespread belief in the claim. Fact-checking organisations have rated this claim as false or misleading.,0
A whistleblower claims a health crisis was manufactured by pharmaceutical companies. Comments on various online forums suggest widespread belief in the claim. Independent researchers have found no evidence to support the claim.,0
A whistleblower claims a health crisis was manufactured by pharmaceutical companies. No peer-reviewed research has confirmed this assertion. The original source of this claim is unknown.,0
"An underground laboratory is reportedly developing a virus to reduce the global population. Comments on various online forums suggest widespread belief in the claim. The claim was dismissed by official sources, though supporters say that proves suppression.",0
An underground laboratory is reportedly developing a virus to reduce the global population. Comments on various online forums suggest widespread belief in the claim. Critics say this is misinformation; supporters insist it is being covered up.,0
Declassified files reportedly confirm that world leaders answer to a shadowy global council. The claim has been disputed by official bodies. Authorities have not confirmed the report.,0
A local man claims to win the lottery repeatedly using a hidden mathematical exploit. The claim has been disputed by official bodies. The story spread widely on social media before fact-checkers investigated.,0
A leaked video supposedly reveals a celebrity scandal involving radioactive food additives. The claim has been disputed by official bodies. The story spread widely on social media before fact-checkers investigated.,0
A hidden document reveals elites are adding chemicals to tap water to suppress memory. An anonymous source provided documents that have not been independently verified. The original source of this claim is unknown.,0
"Top politicians were caught conducting a secret ritual, according to a whistleblower. The allegation remains unverified as of publication.",0
A leaked video supposedly reveals a celebrity scandal involving radioactive food additives. The story spread widely on social media before fact-checkers investigated.,0
A former government employee alleges that climate data is being falsified by agencies. Comments on various online forums suggest widespread belief in the claim. Independent researchers have found no evidence to support the claim.,0
A leaked video supposedly reveals a celebrity scandal involving radioactive food additives. No peer-reviewed research has confirmed this assertion. This information has not been verified by any mainstream outlet.,0
A leaked video supposedly reveals a celebrity scandal involving radioactive food additives. The allegation remains unverified as of publication.,0
A local man claims to win the lottery repeatedly using a hidden mathematical exploit. No peer-reviewed research has confirmed this assertion. Independent researchers have found no evidence to support the claim.,0
Experts the establishment does not want you to hear say gravity is a fictional concept. An anonymous source provided documents that have not been independently verified. Independent researchers have found no evidence to support the claim.,0
Declassified files reportedly confirm that world leaders answer to a shadowy global council. The story spread widely on social media before fact-checkers investigated.,0
"Top politicians were caught conducting a secret ritual, according to a whistleblower. An anonymous source provided documents that have not been independently verified. The allegation remains unverified as of publication.",0
"Leaked emails allegedly show health regulators approved unsafe drugs in exchange for bribes. An anonymous source provided documents that have not been independently verified. The claim was dismissed by official sources, though supporters say that proves suppression.",0
New scientific proof shows the earth is hollow and an ancient civilisation lives inside. Comments on various online forums suggest widespread belief in the claim. No peer-reviewed evidence supports the assertion.,0
Declassified files reportedly confirm that world leaders answer to a shadowy global council. Comments on various online forums suggest widespread belief in the claim. Fact-checking organisations have rated this claim as false or misleading.,0
"A corporation is using mind-control signals embedded in street lighting, insiders allege. The claim has been disputed by official bodies. Fact-checking organisations have rated this claim as false or misleading.",0
Secret satellite footage allegedly proves the moon landing was staged on a film set. Comments on various online forums suggest widespread belief in the claim. Independent researchers have found no evidence to support the claim.,0
A new study no mainstream outlet will cover shows that 5G causes neurological damage. Comments on various online forums suggest widespread belief in the claim. Critics say this is misinformation; supporters insist it is being covered up.,0
Anonymous sources say free-energy devices are being suppressed by the oil industry. An anonymous source provided documents that have not been independently verified. No peer-reviewed evidence supports the assertion.,0
Insiders claim social-media algorithms are deliberately hiding the truth from ordinary people. An anonymous source provided documents that have not been independently verified. This information has not been verified by any mainstream outlet.,0
Anonymous sources say free-energy devices are being suppressed by the oil industry. The claim has been disputed by official bodies. Fact-checking organisations have rated this claim as false or misleading.,0
A whistleblower claims a health crisis was manufactured by pharmaceutical companies. Comments on various online forums suggest widespread belief in the claim. The original source of this claim is unknown.,0
Secret satellite footage allegedly proves the moon landing was staged on a film set. The claim has been disputed by official bodies. This information has not been verified by any mainstream outlet.,0
Weather machines are being used by shadowy organisations to cause floods and droughts. No peer-reviewed research has confirmed this assertion. Independent researchers have found no evidence to support the claim.,0
A new study no mainstream outlet will cover shows that 5G causes neurological damage. An anonymous source provided documents that have not been independently verified. The story spread widely on social media before fact-checkers investigated.,0
"Weather machines are being used by shadowy organisations to cause floods and droughts. No peer-reviewed research has confirmed this assertion. The claim was dismissed by official sources, though supporters say that proves suppression.",0
A viral post claims vaccines contain microchips that transmit personal data to governments. An anonymous source provided documents that have not been independently verified. The allegation remains unverified as of publication.,0
A leaked video supposedly reveals a celebrity scandal involving radioactive food additives. The claim has been disputed by official bodies. The allegation remains unverified as of publication.,0
Anonymous sources say free-energy devices are being suppressed by the oil industry. The claim has been disputed by official bodies. The original source of this claim is unknown.,0
Insiders claim social-media algorithms are deliberately hiding the truth from ordinary people. An anonymous source provided documents that have not been independently verified. The allegation remains unverified as of publication.,0
A viral post claims vaccines contain microchips that transmit personal data to governments. The claim has been disputed by official bodies. No peer-reviewed evidence supports the assertion.,0
Declassified files reportedly confirm that world leaders answer to a shadowy global council. No peer-reviewed research has confirmed this assertion. Fact-checking organisations have rated this claim as false or misleading.,0
A leaked video supposedly reveals a celebrity scandal involving radioactive food additives. No peer-reviewed research has confirmed this assertion. The allegation remains unverified as of publication.,0
A new study no mainstream outlet will cover shows that 5G causes neurological damage. Comments on various online forums suggest widespread belief in the claim. This information has not been verified by any mainstream outlet.,0
A new study no mainstream outlet will cover shows that 5G causes neurological damage. An anonymous source provided documents that have not been independently verified. Independent researchers have found no evidence to support the claim.,0
"Leaked emails allegedly show health regulators approved unsafe drugs in exchange for bribes. The claim has been disputed by official bodies. The claim was dismissed by official sources, though supporters say that proves suppression.",0
Insiders claim social-media algorithms are deliberately hiding the truth from ordinary people. Comments on various online forums suggest widespread belief in the claim. The original source of this claim is unknown.,0
"A corporation is using mind-control signals embedded in street lighting, insiders allege. Comments on various online forums suggest widespread belief in the claim. The story spread widely on social media before fact-checkers investigated.",0
Insiders claim social-media algorithms are deliberately hiding the truth from ordinary people. An anonymous source provided documents that have not been independently verified. No peer-reviewed evidence supports the assertion.,0
New scientific proof shows the earth is hollow and an ancient civilisation lives inside. The claim has been disputed by official bodies. The original source of this claim is unknown.,0
A whistleblower claims a health crisis was manufactured by pharmaceutical companies. An anonymous source provided documents that have not been independently verified. The original source of this claim is unknown.,0
"A corporation is using mind-control signals embedded in street lighting, insiders allege. No peer-reviewed research has confirmed this assertion. The story spread widely on social media before fact-checkers investigated.",0
New scientific proof shows the earth is hollow and an ancient civilisation lives inside. The claim has been disputed by official bodies. The allegation remains unverified as of publication.,0
A local man claims to win the lottery repeatedly using a hidden mathematical exploit. Authorities have not confirmed the report.,0
Government officials are secretly hiding alien spacecraft in underground military bunkers. The claim has been disputed by official bodies. Authorities have not confirmed the report.,0
"Leaked emails allegedly show health regulators approved unsafe drugs in exchange for bribes. No peer-reviewed research has confirmed this assertion. The claim was dismissed by official sources, though supporters say that proves suppression.",0
"A corporation is using mind-control signals embedded in street lighting, insiders allege. Comments on various online forums suggest widespread belief in the claim. The claim was dismissed by official sources, though supporters say that proves suppression.",0
Leaked emails allegedly show health regulators approved unsafe drugs in exchange for bribes. The story spread widely on social media before fact-checkers investigated.,0
"Top politicians were caught conducting a secret ritual, according to a whistleblower. The claim has been disputed by official bodies. Authorities have not confirmed the report.",0
A new study no mainstream outlet will cover shows that 5G causes neurological damage. No peer-reviewed evidence supports the assertion.,0
"Declassified files reportedly confirm that world leaders answer to a shadowy global council. The claim was dismissed by official sources, though supporters say that proves suppression.",0
Weather machines are being used by shadowy organisations to cause floods and droughts. Comments on various online forums suggest widespread belief in the claim. The original source of this claim is unknown.,0
Experts the establishment does not want you to hear say gravity is a fictional concept. An anonymous source provided documents that have not been independently verified. Fact-checking organisations have rated this claim as false or misleading.,0
A new study no mainstream outlet will cover shows that 5G causes neurological damage. The story spread widely on social media before fact-checkers investigated.,0
"Declassified files reportedly confirm that world leaders answer to a shadowy global council. The claim has been disputed by official bodies. The claim was dismissed by official sources, though supporters say that proves suppression.",0
Leaked emails allegedly show health regulators approved unsafe drugs in exchange for bribes. An anonymous source provided documents that have not been independently verified. No peer-reviewed evidence supports the assertion.,0
A hidden document reveals elites are adding chemicals to tap water to suppress memory. An anonymous source provided documents that have not been independently verified. The allegation remains unverified as of publication.,0
A former government employee alleges that climate data is being falsified by agencies. The original source of this claim is unknown.,0
Anonymous sources say free-energy devices are being suppressed by the oil industry. The claim has been disputed by official bodies. The allegation remains unverified as of publication.,0
"A local man claims to win the lottery repeatedly using a hidden mathematical exploit. The claim has been disputed by official bodies. The claim was dismissed by official sources, though supporters say that proves suppression.",0
Secret satellite footage allegedly proves the moon landing was staged on a film set. An anonymous source provided documents that have not been independently verified. Critics say this is misinformation; supporters insist it is being covered up.,0
Secret satellite footage allegedly proves the moon landing was staged on a film set. Comments on various online forums suggest widespread belief in the claim. No peer-reviewed evidence supports the assertion.,0
Leaked emails allegedly show health regulators approved unsafe drugs in exchange for bribes. The story spread widely on social media before fact-checkers investigated.,0
A new study no mainstream outlet will cover shows that 5G causes neurological damage. No peer-reviewed research has confirmed this assertion. This information has not been verified by any mainstream outlet.,0
Government officials are secretly hiding alien spacecraft in underground military bunkers. Critics say this is misinformation; supporters insist it is being covered up.,0
A miracle cure for all diseases was discovered by a blogger that doctors refuse to acknowledge. Comments on various online forums suggest widespread belief in the claim. The story spread widely on social media before fact-checkers investigated.,0
"Top politicians were caught conducting a secret ritual, according to a whistleblower. An anonymous source provided documents that have not been independently verified. Fact-checking organisations have rated this claim as false or misleading.",0
A leaked video supposedly reveals a celebrity scandal involving radioactive food additives. The claim has been disputed by official bodies. No peer-reviewed evidence supports the assertion.,0
A local man claims to win the lottery repeatedly using a hidden mathematical exploit. An anonymous source provided documents that have not been independently verified. The original source of this claim is unknown.,0
A miracle cure for all diseases was discovered by a blogger that doctors refuse to acknowledge. Comments on various online forums suggest widespread belief in the claim. Authorities have not confirmed the report.,0
Leaked emails allegedly show health regulators approved unsafe drugs in exchange for bribes. An anonymous source provided documents that have not been independently verified. Authorities have not confirmed the report.,0
Leaked emails allegedly show health regulators approved unsafe drugs in exchange for bribes. No peer-reviewed research has confirmed this assertion. The story spread widely on social media before fact-checkers investigated.,0
Declassified files reportedly confirm that world leaders answer to a shadowy global council. No peer-reviewed research has confirmed this assertion. The allegation remains unverified as of publication.,0
Weather machines are being used by shadowy organisations to cause floods and droughts. An anonymous source provided documents that have not been independently verified. Authorities have not confirmed the report.,0
"A corporation is using mind-control signals embedded in street lighting, insiders allege. Comments on various online forums suggest widespread belief in the claim. Independent researchers have found no evidence to support the claim.",0
"A viral post claims vaccines contain microchips that transmit personal data to governments. The claim has been disputed by official bodies. The claim was dismissed by official sources, though supporters say that proves suppression.",0
"A corporation is using mind-control signals embedded in street lighting, insiders allege. An anonymous source provided documents that have not been independently verified. The allegation remains unverified as of publication.",0
"Top politicians were caught conducting a secret ritual, according to a whistleblower. No peer-reviewed research has confirmed this assertion. Critics say this is misinformation; supporters insist it is being covered up.",0
Declassified files reportedly confirm that world leaders answer to a shadowy global council. An anonymous source provided documents that have not been independently verified. This information has not been verified by any mainstream outlet.,0
A local man claims to win the lottery repeatedly using a hidden mathematical exploit. The claim has been disputed by official bodies. Authorities have not confirmed the report.,0
New scientific proof shows the earth is hollow and an ancient civilisation lives inside. The claim has been disputed by official bodies. This information has not been verified by any mainstream outlet.,0
A miracle cure for all diseases was discovered by a blogger that doctors refuse to acknowledge. No peer-reviewed evidence supports the assertion.,0
A miracle cure for all diseases was discovered by a blogger that doctors refuse to acknowledge. No peer-reviewed research has confirmed this assertion. The original source of this claim is unknown.,0
Leaked emails allegedly show health regulators approved unsafe drugs in exchange for bribes. This information has not been verified by any mainstream outlet.,0
A leaked video supposedly reveals a celebrity scandal involving radioactive food additives. Comments on various online forums suggest widespread belief in the claim. The story spread widely on social media before fact-checkers investigated.,0
A viral post claims vaccines contain microchips that transmit personal data to governments. Authorities have not confirmed the report.,0
"Government officials are secretly hiding alien spacecraft in underground military bunkers. The claim was dismissed by official sources, though supporters say that proves suppression.",0
Experts the establishment does not want you to hear say gravity is a fictional concept. No peer-reviewed research has confirmed this assertion. No peer-reviewed evidence supports the assertion.,0
An underground laboratory is reportedly developing a virus to reduce the global population. The claim has been disputed by official bodies. Critics say this is misinformation; supporters insist it is being covered up.,0
A viral post claims vaccines contain microchips that transmit personal data to governments. This information has not been verified by any mainstream outlet.,0
Weather machines are being used by shadowy organisations to cause floods and droughts. The claim has been disputed by official bodies. Authorities have not confirmed the report.,0
Anonymous sources say free-energy devices are being suppressed by the oil industry. An anonymous source provided documents that have not been independently verified. Critics say this is misinformation; supporters insist it is being covered up.,0
A leaked video supposedly reveals a celebrity scandal involving radioactive food additives. An anonymous source provided documents that have not been independently verified. Independent researchers have found no evidence to support the claim.,0
Secret satellite footage allegedly proves the moon landing was staged on a film set. Comments on various online forums suggest widespread belief in the claim. Critics say this is misinformation; supporters insist it is being covered up.,0
Anonymous sources say free-energy devices are being suppressed by the oil industry. An anonymous source provided documents that have not been independently verified. The original source of this claim is unknown.,0
A whistleblower claims a health crisis was manufactured by pharmaceutical companies. An anonymous source provided documents that have not been independently verified. The original source of this claim is unknown.,0
Insiders claim social-media algorithms are deliberately hiding the truth from ordinary people. Comments on various online forums suggest widespread belief in the claim. No peer-reviewed evidence supports the assertion.,0
Leaked emails allegedly show health regulators approved unsafe drugs in exchange for bribes. Fact-checking organisations have rated this claim as false or misleading.,0
Leaked emails allegedly show health regulators approved unsafe drugs in exchange for bribes. An anonymous source provided documents that have not been independently verified. This information has not been verified by any mainstream outlet.,0
"A local man claims to win the lottery repeatedly using a hidden mathematical exploit. The claim was dismissed by official sources, though supporters say that proves suppression.",0
Government officials are secretly hiding alien spacecraft in underground military bunkers. The allegation remains unverified as of publication.,0
A whistleblower claims a health crisis was manufactured by pharmaceutical companies. No peer-reviewed research has confirmed this assertion. The story spread widely on social media before fact-checkers investigated.,0
"Experts the establishment does not want you to hear say gravity is a fictional concept. No peer-reviewed research has confirmed this assertion. The claim was dismissed by official sources, though supporters say that proves suppression.",0
"A former government employee alleges that climate data is being falsified by agencies. The claim has been disputed by official bodies. The claim was dismissed by official sources, though supporters say that proves suppression.",0
Declassified files reportedly confirm that world leaders answer to a shadowy global council. Authorities have not confirmed the report.,0
Experts the establishment does not want you to hear say gravity is a fictional concept. No peer-reviewed research has confirmed this assertion. Fact-checking organisations have rated this claim as false or misleading.,0
A new study no mainstream outlet will cover shows that 5G causes neurological damage. The claim has been disputed by official bodies. The allegation remains unverified as of publication.,0
A local man claims to win the lottery repeatedly using a hidden mathematical exploit. An anonymous source provided documents that have not been independently verified. The story spread widely on social media before fact-checkers investigated.,0
A hidden document reveals elites are adding chemicals to tap water to suppress memory. No peer-reviewed research has confirmed this assertion. The story spread widely on social media before fact-checkers investigated.,0
New scientific proof shows the earth is hollow and an ancient civilisation lives inside. Comments on various online forums suggest widespread belief in the claim. No peer-reviewed evidence supports the assertion.,0
Government officials are secretly hiding alien spacecraft in underground military bunkers. Comments on various online forums suggest widespread belief in the claim. Critics say this is misinformation; supporters insist it is being covered up.,0
An underground laboratory is reportedly developing a virus to reduce the global population. No peer-reviewed research has confirmed this assertion. Authorities have not confirmed the report.,0
A whistleblower claims a health crisis was manufactured by pharmaceutical companies. The claim has been disputed by official bodies. Independent researchers have found no evidence to support the claim.,0
Government officials are secretly hiding alien spacecraft in underground military bunkers. Critics say this is misinformation; supporters insist it is being covered up.,0
Declassified files reportedly confirm that world leaders answer to a shadowy global council. An anonymous source provided documents that have not been independently verified. The story spread widely on social media before fact-checkers investigated.,0
A hidden document reveals elites are adding chemicals to tap water to suppress memory. An anonymous source provided documents that have not been independently verified. The story spread widely on social media before fact-checkers investigated.,0
New scientific proof shows the earth is hollow and an ancient civilisation lives inside. An anonymous source provided documents that have not been independently verified. The original source of this claim is unknown.,0
"Leaked emails allegedly show health regulators approved unsafe drugs in exchange for bribes. No peer-reviewed research has confirmed this assertion. The claim was dismissed by official sources, though supporters say that proves suppression.",0
A leaked video supposedly reveals a celebrity scandal involving radioactive food additives. Critics say this is misinformation; supporters insist it is being covered up.,0
A whistleblower claims a health crisis was manufactured by pharmaceutical companies. An anonymous source provided documents that have not been independently verified. Independent researchers have found no evidence to support the claim.,0
"Top politicians were caught conducting a secret ritual, according to a whistleblower. Critics say this is misinformation; supporters insist it is being covered up.",0
A leaked video supposedly reveals a celebrity scandal involving radioactive food additives. The claim has been disputed by official bodies. The original source of this claim is unknown.,0
Insiders claim social-media algorithms are deliberately hiding the truth from ordinary people. No peer-reviewed research has confirmed this assertion. The story spread widely on social media before fact-checkers investigated.,0
A miracle cure for all diseases was discovered by a blogger that doctors refuse to acknowledge. Authorities have not confirmed the report.,0
Government officials are secretly hiding alien spacecraft in underground military bunkers. The claim has been disputed by official bodies. No peer-reviewed evidence supports the assertion.,0
Experts the establishment does not want you to hear say gravity is a fictional concept. Comments on various online forums suggest widespread belief in the claim. Independent researchers have found no evidence to support the claim.,0
"Leaked emails allegedly show health regulators approved unsafe drugs in exchange for bribes. No peer-reviewed research has confirmed this assertion. The claim was dismissed by official sources, though supporters say that proves suppression.",0
Experts the establishment does not want you to hear say gravity is a fictional concept. The claim has been disputed by official bodies. This information has not been verified by any mainstream outlet.,0
A viral post claims vaccines contain microchips that transmit personal data to governments. No peer-reviewed research has confirmed this assertion. The original source of this claim is unknown.,0
Declassified files reportedly confirm that world leaders answer to a shadowy global council. The original source of this claim is unknown.,0
A leaked video supposedly reveals a celebrity scandal involving radioactive food additives. The claim has been disputed by official bodies. No peer-reviewed evidence supports the assertion.,0
An underground laboratory is reportedly developing a virus to reduce the global population. The original source of this claim is unknown.,0
A leaked video supposedly reveals a celebrity scandal involving radioactive food additives. The story spread widely on social media before fact-checkers investigated.,0
"A corporation is using mind-control signals embedded in street lighting, insiders allege. The allegation remains unverified as of publication.",0
Weather machines are being used by shadowy organisations to cause floods and droughts. No peer-reviewed evidence supports the assertion.,0
Weather machines are being used by shadowy organisations to cause floods and droughts. Critics say this is misinformation; supporters insist it is being covered up.,0
"A miracle cure for all diseases was discovered by a blogger that doctors refuse to acknowledge. Comments on various online forums suggest widespread belief in the claim. The claim was dismissed by official sources, though supporters say that proves suppression.",0
"Experts the establishment does not want you to hear say gravity is a fictional concept. An anonymous source provided documents that have not been independently verified. The claim was dismissed by official sources, though supporters say that proves suppression.",0
A leaked video supposedly reveals a celebrity scandal involving radioactive food additives. An anonymous source provided documents that have not been independently verified. Authorities have not confirmed the report.,0
A miracle cure for all diseases was discovered by a blogger that doctors refuse to acknowledge. An anonymous source provided documents that have not been independently verified. Critics say this is misinformation; supporters insist it is being covered up.,0
A leaked video supposedly reveals a celebrity scandal involving radioactive food additives. No peer-reviewed research has confirmed this assertion. No peer-reviewed evidence supports the assertion.,0
Insiders claim social-media algorithms are deliberately hiding the truth from ordinary people. An anonymous source provided documents that have not been independently verified. The original source of this claim is unknown.,0
A viral post claims vaccines contain microchips that transmit personal data to governments. The allegation remains unverified as of publication.,0
Declassified files reportedly confirm that world leaders answer to a shadowy global council. The story spread widely on social media before fact-checkers investigated.,0
"Leaked emails allegedly show health regulators approved unsafe drugs in exchange for bribes. The claim was dismissed by official sources, though supporters say that proves suppression.",0
"Top politicians were caught conducting a secret ritual, according to a whistleblower. Comments on various online forums suggest widespread belief in the claim. The original source of this claim is unknown.",0
"Weather machines are being used by shadowy organisations to cause floods and droughts. The claim was dismissed by official sources, though supporters say that proves suppression.",0
Experts the establishment does not want you to hear say gravity is a fictional concept. Comments on various online forums suggest widespread belief in the claim. Fact-checking organisations have rated this claim as false or misleading.,0
"Top politicians were caught conducting a secret ritual, according to a whistleblower. Comments on various online forums suggest widespread belief in the claim. The allegation remains unverified as of publication.",0
"Secret satellite footage allegedly proves the moon landing was staged on a film set. No peer-reviewed research has confirmed this assertion. The claim was dismissed by official sources, though supporters say that proves suppression.",0
Weather machines are being used by shadowy organisations to cause floods and droughts. An anonymous source provided documents that have not been independently verified. This information has not been verified by any mainstream outlet.,0
Weather machines are being used by shadowy organisations to cause floods and droughts. An anonymous source provided documents that have not been independently verified. This information has not been verified by any mainstream outlet.,0
A hidden document reveals elites are adding chemicals to tap water to suppress memory. Fact-checking organisations have rated this claim as false or misleading.,0
An underground laboratory is reportedly developing a virus to reduce the global population. No peer-reviewed research has confirmed this assertion. Fact-checking organisations have rated this claim as false or misleading.,0
"Declassified files reportedly confirm that world leaders answer to a shadowy global council. No peer-reviewed research has confirmed this assertion. The claim was dismissed by official sources, though supporters say that proves suppression.",0
A new study no mainstream outlet will cover shows that 5G causes neurological damage. The claim has been disputed by official bodies. Authorities have not confirmed the report.,0
Secret satellite footage allegedly proves the moon landing was staged on a film set. An anonymous source provided documents that have not been independently verified. The original source of this claim is unknown.,0
A new study no mainstream outlet will cover shows that 5G causes neurological damage. An anonymous source provided documents that have not been independently verified. Fact-checking organisations have rated this claim as false or misleading.,0
A viral post claims vaccines contain microchips that transmit personal data to governments. Comments on various online forums suggest widespread belief in the claim. Authorities have not confirmed the report.,0
An underground laboratory is reportedly developing a virus to reduce the global population. The original source of this claim is unknown.,0
A former government employee alleges that climate data is being falsified by agencies. An anonymous source provided documents that have not been independently verified. Authorities have not confirmed the report.,0
A local man claims to win the lottery repeatedly using a hidden mathematical exploit. Fact-checking organisations have rated this claim as false or misleading.,0
Leaked emails allegedly show health regulators approved unsafe drugs in exchange for bribes. The allegation remains unverified as of publication.,0
An underground laboratory is reportedly developing a virus to reduce the global population. An anonymous source provided documents that have not been independently verified. Critics say this is misinformation; supporters insist it is being covered up.,0
A former government employee alleges that climate data is being falsified by agencies. The claim has been disputed by official bodies. The original source of this claim is unknown.,0
Weather machines are being used by shadowy organisations to cause floods and droughts. Comments on various online forums suggest widespread belief in the claim. The allegation remains unverified as of publication.,0
A whistleblower claims a health crisis was manufactured by pharmaceutical companies. No peer-reviewed research has confirmed this assertion. Fact-checking organisations have rated this claim as false or misleading.,0
Declassified files reportedly confirm that world leaders answer to a shadowy global council. An anonymous source provided documents that have not been independently verified. Independent researchers have found no evidence to support the claim.,0
Leaked emails allegedly show health regulators approved unsafe drugs in exchange for bribes. An anonymous source provided documents that have not been independently verified. Authorities have not confirmed the report.,0
A hidden document reveals elites are adding chemicals to tap water to suppress memory. The claim has been disputed by official bodies. Fact-checking organisations have rated this claim as false or misleading.,0
A whistleblower claims a health crisis was manufactured by pharmaceutical companies. An anonymous source provided documents that have not been independently verified. The original source of this claim is unknown.,0
A former government employee alleges that climate data is being falsified by agencies. The claim has been disputed by official bodies. Authorities have not confirmed the report.,0
A whistleblower claims a health crisis was manufactured by pharmaceutical companies. No peer-reviewed research has confirmed this assertion. Authorities have not confirmed the report.,0
A leaked video supposedly reveals a celebrity scandal involving radioactive food additives. An anonymous source provided documents that have not been independently verified. This information has not been verified by any mainstream outlet.,0
Secret satellite footage allegedly proves the moon landing was staged on a film set. An anonymous source provided documents that have not been independently verified. This information has not been verified by any mainstream outlet.,0
A local man claims to win the lottery repeatedly using a hidden mathematical exploit. Comments on various online forums suggest widespread belief in the claim. Critics say this is misinformation; supporters insist it is being covered up.,0
A new study no mainstream outlet will cover shows that 5G causes neurological damage. No peer-reviewed research has confirmed this assertion. Authorities have not confirmed the report.,0
"A corporation is using mind-control signals embedded in street lighting, insiders allege. The claim has been disputed by official bodies. Independent researchers have found no evidence to support the claim.",0
Leaked emails allegedly show health regulators approved unsafe drugs in exchange for bribes. The claim has been disputed by official bodies. Independent researchers have found no evidence to support the claim.,0
New scientific proof shows the earth is hollow and an ancient civilisation lives inside. No peer-reviewed research has confirmed this assertion. Critics say this is misinformation; supporters insist it is being covered up.,0
A new study no mainstream outlet will cover shows that 5G causes neurological damage. Fact-checking organisations have rated this claim as false or misleading.,0
"An underground laboratory is reportedly developing a virus to reduce the global population. Comments on various online forums suggest widespread belief in the claim. The claim was dismissed by official sources, though supporters say that proves suppression.",0
A new study no mainstream outlet will cover shows that 5G causes neurological damage. Comments on various online forums suggest widespread belief in the claim. This information has not been verified by any mainstream outlet.,0
Declassified files reportedly confirm that world leaders answer to a shadowy global council. An anonymous source provided documents that have not been independently verified. The allegation remains unverified as of publication.,0
"Top politicians were caught conducting a secret ritual, according to a whistleblower. No peer-reviewed research has confirmed this assertion. Fact-checking organisations have rated this claim as false or misleading.",0
An underground laboratory is reportedly developing a virus to reduce the global population. Fact-checking organisations have rated this claim as false or misleading.,0
Insiders claim social-media algorithms are deliberately hiding the truth from ordinary people. No peer-reviewed research has confirmed this assertion. This information has not been verified by any mainstream outlet.,0
A former government employee alleges that climate data is being falsified by agencies. The claim has been disputed by official bodies. Fact-checking organisations have rated this claim as false or misleading.,0
A miracle cure for all diseases was discovered by a blogger that doctors refuse to acknowledge. An anonymous source provided documents that have not been independently verified. This information has not been verified by any mainstream outlet.,0
"Anonymous sources say free-energy devices are being suppressed by the oil industry. No peer-reviewed research has confirmed this assertion. The claim was dismissed by official sources, though supporters say that proves suppression.",0
"A corporation is using mind-control signals embedded in street lighting, insiders allege. An anonymous source provided documents that have not been independently verified. The original source of this claim is unknown.",0
A hidden document reveals elites are adding chemicals to tap water to suppress memory. The original source of this claim is unknown.,0
An underground laboratory is reportedly developing a virus to reduce the global population. No peer-reviewed research has confirmed this assertion. Independent researchers have found no evidence to support the claim.,0
A leaked video supposedly reveals a celebrity scandal involving radioactive food additives. No peer-reviewed research has confirmed this assertion. The allegation remains unverified as of publication.,0
A new study no mainstream outlet will cover shows that 5G causes neurological damage. No peer-reviewed research has confirmed this assertion. Authorities have not confirmed the report.,0
An underground laboratory is reportedly developing a virus to reduce the global population. An anonymous source provided documents that have not been independently verified. This information has not been verified by any mainstream outlet.,0
"A former government employee alleges that climate data is being falsified by agencies. The claim has been disputed by official bodies. The claim was dismissed by official sources, though supporters say that proves suppression.",0
"Leaked emails allegedly show health regulators approved unsafe drugs in exchange for bribes. The claim has been disputed by official bodies. The claim was dismissed by official sources, though supporters say that proves suppression.",0
"A corporation is using mind-control signals embedded in street lighting, insiders allege. An anonymous source provided documents that have not been independently verified. Critics say this is misinformation; supporters insist it is being covered up.",0
A new study no mainstream outlet will cover shows that 5G causes neurological damage. No peer-reviewed research has confirmed this assertion. This information has not been verified by any mainstream outlet.,0
Leaked emails allegedly show health regulators approved unsafe drugs in exchange for bribes. No peer-reviewed research has confirmed this assertion. The allegation remains unverified as of publication.,0
A local man claims to win the lottery repeatedly using a hidden mathematical exploit. The claim has been disputed by official bodies. Fact-checking organisations have rated this claim as false or misleading.,0
A new study no mainstream outlet will cover shows that 5G causes neurological damage. The claim has been disputed by official bodies. The allegation remains unverified as of publication.,0
"A whistleblower claims a health crisis was manufactured by pharmaceutical companies. The claim was dismissed by official sources, though supporters say that proves suppression.",0
A whistleblower claims a health crisis was manufactured by pharmaceutical companies. The claim has been disputed by official bodies. The allegation remains unverified as of publication.,0
A hidden document reveals elites are adding chemicals to tap water to suppress memory. The claim has been disputed by official bodies. No peer-reviewed evidence supports the assertion.,0
Insiders claim social-media algorithms are deliberately hiding the truth from ordinary people. Comments on various online forums suggest widespread belief in the claim. Fact-checking organisations have rated this claim as false or misleading.,0
Insiders claim social-media algorithms are deliberately hiding the truth from ordinary people. The claim has been disputed by official bodies. Fact-checking organisations have rated this claim as false or misleading.,0
Declassified files reportedly confirm that world leaders answer to a shadowy global council. Authorities have not confirmed the report.,0
"Weather machines are being used by shadowy organisations to cause floods and droughts. The claim was dismissed by official sources, though supporters say that proves suppression.",0
